<root xmlns="https://github.com/zhongyang219/MusicPlayer2/skin" xmlns:xsi="http://www.w3.org/2001/XMLSchema-instance" xsi:schemaLocation="https://github.com/zhongyang219/MusicPlayer2/skin ./skin.xsd"
      index="4">
  <ui type="narrow">
    <verticalLayout>
      <albumCover show_info="true"/>
      <progressBar show_play_time="false" height="4"/>
      <horizontalLayout height="72">
        <button key="repeatMode" margin="4" width="28" height="28"/>
        <button key="favorite" margin="4" width="28" height="28"/>
        <button key="previous" bigIcon="true" width="36" height="36"/>
        <button key="playPause" bigIcon="true" width="36" height="36"/>
        <button key="next" bigIcon="true" width="36" height="36"/>
        <button key="mediaLib" margin="4" width="28" height="28"/>
        <button key="showPlaylist" margin="4" width="28" height="28"/>
      </horizontalLayout>
    </verticalLayout>
    <horizontalLayout height="32" margin-bottom="0" >
      <spectrum draw_reflex="false" width="280" alignment="center"/>
    </horizontalLayout>
  </ui>
  <ui type="small">
    <verticalLayout>
      <albumCover show_info="true"/>
      <progressBar show_play_time="false" height="4"/>
      <horizontalLayout height="60">
        <button key="repeatMode" margin="4" width="28" height="28"/>
        <button key="favorite" margin="4" width="28" height="28"/>
        <button key="previous" bigIcon="true" width="36" height="36"/>
        <button key="playPause" bigIcon="true" width="36" height="36"/>
        <button key="next" bigIcon="true" width="36" height="36"/>
        <button key="mediaLib" margin="4" width="28" height="28"/>
        <button key="showPlaylist" margin="4" width="28" height="28"/>
      </horizontalLayout>
    </verticalLayout>
    <horizontalLayout height="28" margin-bottom="0" >
      <spectrum draw_reflex="false" width="280" alignment="center"/>
    </horizontalLayout>
  </ui>
  <ui type="big">
    <verticalLayout>
      <stackElement margin-bottom="16" show_indicator="true" indicator_offset="-10">
        <horizontalLayout>
          <albumCover square="true" margin="42" margin-bottom="34"/>
          <verticalLayout margin="8" margin-top="12%">
            <text type="title" style="scroll" height="36" font_size="12"/>
            <text type="artist" style="scroll" height="24" font_size="10"/>
            <text type="album" style="scroll" height="24" font_size="10"/>
            <lyrics margin-top="20" margin-bottom="16"/>
          </verticalLayout>
        </horizontalLayout>
        <horizontalLayout margin="8">
          <verticalLayout proportion="7" margin-bottom="8">
            <albumCover square="true" margin="28" margin-bottom="12"/>
            <text type="title" style="scroll" height="36" font_size="12" margin-left="16" margin-right="16" alignment="center"/>
            <text type="artist_album" style="scroll" height="24" font_size="10" margin-left="16" margin-right="16" alignment="center"/>
          </verticalLayout>
          <verticalLayout margin-top="20" margin-bottom="8" margin-left="8" proportion="6">
            <placeHolder show_when_use_system_titlebar="true" height="12"/>
            <playlistIndicator height="30" margin-bottom="4"/>
            <playlist item_height="32"/>
          </verticalLayout>
        </horizontalLayout>
      </stackElement>
      <progressBar show_play_time="false" height="4"/>
      <rectangle height="72" no_corner_radius="true" theme_color="false">
        <horizontalLayout height="72">
          <horizontalLayout margin-left="8">
            <button key="info" width="28" height="28"/>
            <button key="addToPlaylist" width="28" height="28"/>
            <button key="equalizer" width="28" height="28"/>
            <button key="skin" width="28" height="28"/>
            <placeHolder/>
          </horizontalLayout>
          <horizontalLayout width="206">
            <button key="repeatMode" margin="4" width="28" height="28"/>
            <button key="previous" bigIcon="true" width="36" height="36"/>
            <button key="playPause" bigIcon="true" width="36" height="36"/>
            <button key="next" bigIcon="true" width="36" height="36"/>
            <button key="favorite" margin="4" width="28" height="28"/>
          </horizontalLayout>
          <horizontalLayout margin-right="8">
            <placeHolder/>
            <text type="play_time_and_volume" width="80" alignment="right" margin-right="4" height="28"/>
            <volume show_text="false" width="28" height="28"/>
            <button key="mediaLib" width="28" height="28"/>
            <button key="showPlaylist" width="28" height="28"/>
          </horizontalLayout>
        </horizontalLayout>
      </rectangle>
    </verticalLayout>
    <horizontalLayout height="32" margin-bottom="0" >
      <spectrum draw_reflex="false" width="280" alignment="center"/>
    </horizontalLayout>
  </ui>
</root>