<application>
  <component name="DimensionService">
    <size key="GridCell.Tab.0.left.0.0.2561.1600@210dpi" width="2386" height="398" />
    <size key="GridCell.Tab.0.center.0.0.2561.1600@210dpi" width="2386" height="398" />
    <size key="GridCell.Tab.0.right.0.0.2561.1600@210dpi" width="2386" height="398" />
    <size key="GridCell.Tab.0.bottom.0.0.2561.1600@210dpi" width="2386" height="398" />
    <size key="GridCell.Tab.1.left.0.0.2561.1600@210dpi" width="2386" height="317" />
    <size key="GridCell.Tab.1.center.0.0.2561.1600@210dpi" width="2386" height="317" />
    <size key="GridCell.Tab.1.right.0.0.2561.1600@210dpi" width="2386" height="317" />
    <size key="GridCell.Tab.1.bottom.0.0.2561.1600@210dpi" width="2386" height="317" />
  </component>
  <component name="WindowManager">
    <frame x="-13" y="-13" width="2585" height="1554" extendedState="6" />
  </component>
  <component name="WindowStateApplicationService">
    <state x="460" y="125" key="FileChooserDialogImpl" timestamp="1736061457973">
      <screen x="0" y="0" width="1463" height="874" />
    </state>
    <state x="460" y="125" key="FileChooserDialogImpl/0.0.1463.874" timestamp="1736061457973" />
  </component>
</application>