<root xmlns="https://github.com/zhongyang219/MusicPlayer2/skin" xmlns:xsi="http://www.w3.org/2001/XMLSchema-instance" xsi:schemaLocation="https://github.com/zhongyang219/MusicPlayer2/skin ../skin.xsd">  
  <ui width="284" height="202">
    <verticalLayout>
      <stackElement show_indicator="false">
        <albumCover>
          <rectangle theme_color="false" color_mode="dark" no_corner_radius="true" height="64" margin-bottom="0">
            <verticalLayout margin-left="8" margin-right="8">
              <text type="artist_album" style="scroll" height="24" color_mode="light"/>
              <text type="title" style="scroll" font_size="10" height="26" color_mode="light"/>
            </verticalLayout>
          </rectangle>
        </albumCover>
        <lyrics margin="8"/>
      </stackElement>
      <horizontalLayout height="56">
        <button key="repeatMode" margin="4" width="28" height="28"/>
        <button key="favorite" margin="4" width="28" height="28"/>
        <button key="previous" bigIcon="true" width="36" height="36"/>
        <button key="playPause" bigIcon="true" width="36" height="36"/>
        <button key="next" bigIcon="true" width="36" height="36"/>
        <volume margin="4" width="28" height="28" show_text="false"/>
        <button key="showPlaylist" margin="4" width="28" height="28"/>
      </horizontalLayout>
      <progressBar margin-bottom="0" height="2"/>
    </verticalLayout>
    <horizontalLayout height="28" margin-top="8" margin-right="8">
      <placeHolder/>
      <button key="switchDisplay" width="28" height="28"/>
      <button key="miniMode" width="28" height="28" margin-left="8"/>
    </horizontalLayout>
  </ui>
</root>
